"type","slug","current_name","seo_title","meta_description","image_alt","category_intro","notes"
"product","visenamenska-mikrofiber-krpa-onyx-evolution-multi-wipe-1-kom","Višenamenska Mikrofiber Krpa | ONYX Evolution Multi Wipe 1 kom","Višenamenska mikrofiber krpa Multi Wipe","Višenamenska mikrofiber krpa ONYX Evolution Multi Wipe za enterijer, dovratke i felne. Upija brzo, ne grebe i ne ostavlja fleke. Poručite, dostava širom Srbije.","ONYX Evolution Multi Wipe višenamenska mikrofiber krpa za enterijer, dovratke i felne","","Proizvod je u kategoriji „Krpa za keramičku zaštitu“, a tekst ga opisuje kao krpu za enterijer, dovratke i felne – proverite kategoriju. Galerijska slika nema alt tekst."
"product","vafel-krpa-za-staklo-onyx-evolution-waffle-wipe-1-kom","Vafel Krpa za Staklo | ONYX Evolution Waffle Wipe 1 kom","Vafel mikrofiber krpa za staklo Waffle Wipe","Vafel krpa za staklo ONYX Evolution Waffle Wipe: reljefna struktura upija više tečnosti i ostavlja staklo čisto, bez tragova. Poručite, dostava širom Srbije.","ONYX Evolution Waffle Wipe vafel mikrofiber krpa za čišćenje stakla automobila","",""
"product","ulozak-za-poliranje","Uložak za poliranje","Uložak za poliranje auta, sunđer i vuna","Ulošci za mašinsko poliranje auta: sunđeri, hex i vuneni padovi prečnika 130 mm za tanjir 125 mm, od grube korekcije do finiša. Poručite, dostava širom Srbije.","","","Placeholder proizvod: isti naziv i slug kao kategorija, bez slike, cene, SKU i kategorije. Preporuka: ukloniti iz prodaje (unpublish/obrisati) jer se preklapa sa stranicom kategorije; tekst iznad važi samo ako ga ipak zadržite kao pravi proizvod."
"product","sundjer-za-poliranje-auta-onyx-evolution-130mm-zuti-polishing","Sundjer za Poliranje Auta | ONYX Evolution 130mm (Žuti, Polishing)","Sunđer za poliranje 130 mm žuti Polishing","Žuti sunđer za poliranje auta ONYX Evolution 130 mm za fazu sjaja posle korekcije. Uklanja blage tragove i podiže dubinu boje. Poručite, dostava širom Srbije.","Žuti sunđer za poliranje auta ONYX Evolution 130 mm (Polishing)","","U nazivu i slugu piše „Sundjer“ – ispravno je „Sunđer“."
"product","sundjer-za-poliranje-130mm-onyx-evolution-medium-cut-tamnoplavi","Sundjer za Poliranje 130mm ONYX Evolution Medium Cut (Tamnoplavi)","Sunđer za poliranje Medium Cut 130 mm","Tamnoplavi sunđer za poliranje ONYX Evolution 130 mm, srednje tvrdoće, uklanja umerene ogrebotine i holograme. Najuniverzalniji pad. Dostava širom Srbije.","Tamnoplavi sunđer za poliranje ONYX Evolution 130 mm (Medium Cut)","","U nazivu i slugu piše „Sundjer“ – ispravno je „Sunđer“."
"product","sundjer-za-fino-poliranje-130mm-onyx-evolution-svetloplavi-polishing","Sundjer za Fino Poliranje 130mm ONYX Evolution (Svetloplavi, Polishing)","Sunđer za fino poliranje 130 mm svetloplavi","Svetloplavi sunđer za fino poliranje ONYX Evolution 130 mm za završni sjaj i uklanjanje holograma, i na tamnim i mekim lakovima. Poručite, dostava širom Srbije.","Svetloplavi sunđer za fino poliranje ONYX Evolution 130 mm (Polishing)","","U nazivu i slugu piše „Sundjer“ – ispravno je „Sunđer“."
"product","sundjer-za-finis-poliranje-130mm-onyx-evolution-medium-cut-crni-finishing","Sundjer za Finiš Poliranje 130mm ONYX Evolution Medium Cut (Crni, Finishing)","Sunđer za finiš poliranje 130 mm crni","Crni sunđer za finiš poliranje ONYX Evolution 130 mm, najmekši u seriji, za završni sjaj i ravnomerno nanošenje voska i zaptivača. Dostava širom Srbije.","Crni sunđer za finiš poliranje ONYX Evolution 130 mm (Finishing)","","Naziv i slug sadrže „Medium Cut“, a opis kaže da je ovo najmekši finiš pad bez sečenja – ukloniti „Medium Cut“ iz naziva/sluga. Takođe „Sundjer“ → „Sunđer“."
"product","sunder-za-nanosenje-premaza-aplikator","Sunđer za nanošenje premaza (Aplikator)","Sunđer za nanošenje premaza, aplikator","Aplikatori i sunđeri za nanošenje dresinga, premaza i zaštite za gume. Ravnomeran nanos i manje rasipanja proizvoda. Pogledajte ponudu i poručite online.","","","Placeholder proizvod: isti naziv i slug kao kategorija, bez slike, cene, SKU i kategorije. Preporuka: ukloniti iz prodaje (unpublish/obrisati) jer se preklapa sa stranicom kategorije; tekst iznad važi samo ako ga ipak zadržite kao pravi proizvod."
"product","ppf-auto-folija","PPF auto folija","PPF auto folija za zaštitu laka vozila","Transparentne PPF zaštitne folije za lak vozila – fizička barijera protiv kamenčića, peska, insekata i sitnih ogrebotina. Poručite online, dostava širom Srbije.","","","Placeholder proizvod: isti naziv i slug kao kategorija, bez slike, cene, SKU i kategorije. Preporuka: ukloniti iz prodaje (unpublish/obrisati) jer se preklapa sa stranicom kategorije; tekst iznad važi samo ako ga ipak zadržite kao pravi proizvod."
"product","poliranje","Poliranje","Poliranje auta: sunđeri i padovi za lak","Proizvodi za mašinsko poliranje i korekciju laka vozila: sunđeri, hex, mikrofiber i vuneni padovi od grube korekcije do finiša. Poručite, dostava širom Srbije.","","","Placeholder proizvod: isti naziv i slug kao kategorija, bez slike, cene, SKU i kategorije. Preporuka: ukloniti iz prodaje (unpublish/obrisati) jer se preklapa sa stranicom kategorije; tekst iznad važi samo ako ga ipak zadržite kao pravi proizvod."
"product","peskir-za-auto","Peškir za auto","Peškir za auto, mikrofiber za sušenje","Mikrofiber peškiri za sušenje karoserije i stakala, bezbedni po laku i zaštitnim premazima. Suše bez tragova i bez vlakana. Poručite, dostava širom Srbije.","","","Placeholder proizvod: isti naziv i slug kao kategorija, bez slike, cene, SKU i kategorije. Preporuka: ukloniti iz prodaje (unpublish/obrisati) jer se preklapa sa stranicom kategorije; tekst iznad važi samo ako ga ipak zadržite kao pravi proizvod."
"product","onyx-peskir-za-susenje-auta-onyx-evolution-rapid-dryer","Onyx Peškir Za Sušenje Auta | Onyx Evolution Rapid Dryer","Peškir za sušenje auta i stakla Rapid Dryer","Peškir za sušenje auta Onyx Evolution Rapid Dryer: upredena strana upija preko 1,5 l vode, glatka strana briše stakla bez tragova. Dostava širom Srbije.","Onyx Evolution Rapid Dryer mikrofiber peškir za sušenje auta sa stranom za stakla","","SKU „ONYXEVO“ izgleda kao privremena oznaka – dodelite pravi SKU (npr. OX0xx). Naziv ponavlja brend („Onyx … Onyx Evolution“). Ime fajla slike kaže „jednostrani“, a peškir ima dve strane – proverite sliku."
"product","onyx-evolution-sundjer-za-grubo-poliranje-130mm-zeleni-heavy-cut","ONYX Evolution Sundjer za Grubo Poliranje 130mm (Zeleni, Heavy Cut)","Sunđer za grubo poliranje 130 mm zeleni","Zeleni sunđer za grubo poliranje ONYX Evolution 130 mm, najagresivniji u seriji. Uklanja duboke ogrebotine, oksidaciju i tragove pranja. Dostava širom Srbije.","Zeleni sunđer za grubo poliranje ONYX Evolution 130 mm (Heavy Cut)","","U nazivu i slugu piše „Sundjer“ – ispravno je „Sunđer“."
"product","onyx-evo-hex-aplikator-za-gume","ONYX EVO Hex Aplikator za Gume","Aplikator za gume, hex sunđer za dresing","ONYX EVO Hex aplikator za gume: heksagonalni sunđer za ravnomeran nanos dresinga bez prskanja po felnama. Periv i višekratan. Poručite, dostava širom Srbije.","ONYX EVO Hex aplikator za gume, heksagonalni sunđer za nanošenje dresinga","","Nedostaje SKU. Galerijska slika nema alt tekst."
"product","onyx-evo-clear-ppf-zastitna-folija","ONYX EVO Clear PPF Zaštitna Folija","PPF zaštitna folija Clear TPU 1,52 x 15 m","ONYX EVO Clear PPF zaštitna folija od TPU materijala, rolna 1,52 x 15 m. Self-healing, UV zaštita, 10 godina garancije. Poručite online, dostava širom Srbije.","ONYX EVO Clear PPF transparentna zaštitna folija za lak vozila","","U opisu se pominje „M Polish“ (usluga ugradnje) – proverite da li je to namerno. Tvrdnje „10 godina garancije“ i „ONYX Evolution laboratorije“ proverite pre objave."
"product","mikrofiber-sundjer-za-poliranje-onyx-evolution-130mm-heavy-cut","Mikrofiber Sundjer za Poliranje ONYX Evolution 130mm (Heavy Cut)","Mikrofiber sunđer za poliranje Heavy Cut","Mikrofiber sunđer za poliranje ONYX Evolution 130 mm za snažnu korekciju na DA mašini: sečenje blisko vuni uz čistiji finiš. Poručite, dostava širom Srbije.","Mikrofiber pad za poliranje ONYX Evolution 130 mm (Heavy Cut)","","Greška u kucanju u opisu: „sudnjer“. U nazivu „Sundjer“ → „Sunđer“."
"product","mikrofiber-krpa-za-staklo-onyx-evolution-glass-wipe-1-kom","Mikrofiber Krpa za Staklo | ONYX Evolution Glass Wipe 1 kom","Mikrofiber krpa za staklo Glass Wipe","Mikrofiber krpa za staklo ONYX Evolution Glass Wipe, gusto tkana za kristalno čisto staklo bez tragova i dlačica. Cena za 1 komad. Dostava širom Srbije.","ONYX Evolution Glass Wipe mikrofiber krpa za čišćenje stakla","","Galerijska slika nema alt tekst."
"product","mikrofiber-krpa-za-poliranje-onyx-evolution-polishing-wipe-1-kom","Mikrofiber Krpa za Poliranje | ONYX Evolution Polishing Wipe 1 kom","Mikrofiber krpa za poliranje Polishing Wipe","Meka mikrofiber krpa za poliranje ONYX Evolution Polishing Wipe za skidanje voska i zaptivača, bez grebanja i tragova vode. Poručite, dostava širom Srbije.","ONYX Evolution Polishing Wipe meka mikrofiber krpa za poliranje i skidanje voska","","Proizvod je samo u nadkategoriji „Čišćenje eksterijera“; po nameni (skidanje voska/zaptivača) više odgovara „Krpa za keramičku zaštitu“. Galerijska slika nema alt tekst."
"product","mikrofiber-hot-wheel-sundjer-za-fino-poliranje-130mm-onyx-evolution","Mikrofiber Hot Wheel Sundjer za Fino Poliranje 130mm ONYX Evolution","Sunđer za fino poliranje Hot Wheel 130 mm","Mikrofiber Hot Wheel sunđer za fino poliranje ONYX Evolution 130 mm. Ventilisana osnova odvodi toplotu za finu korekciju i sjaj. Poručite, dostava širom Srbije.","Mikrofiber Hot Wheel sunđer za fino poliranje ONYX Evolution 130 mm","","Kratki opis počinje sa „Evolution mikrofiber…“ (nedostaje „ONYX“). Ime fajla slike je „fly-wheel“, a proizvod „Hot Wheel“ – uskladite naziv. „Sundjer“ → „Sunđer“."
"product","krpa-za-keramicku-zastitu","Krpa za keramičku zaštitu","Mikrofiber krpa za keramičku zaštitu","Mikrofiber krpe namenjene radu sa keramičkim premazima i završnoj nezi laka. Meke, upijajuće i bezbedne za lak, bez tragova. Poručite, dostava širom Srbije.","","","Placeholder proizvod: isti naziv i slug kao kategorija, bez slike, cene, SKU i kategorije. Preporuka: ukloniti iz prodaje (unpublish/obrisati) jer se preklapa sa stranicom kategorije; tekst iznad važi samo ako ga ipak zadržite kao pravi proizvod."
"product","krpa-za-detaljno-ciscenje","Krpa za detaljno čišćenje","Mikrofiber krpa za detaljno čišćenje auta","Višenamenske mikrofiber krpe za detaljno čišćenje enterijera, dovrataka i felni. Hvataju prašinu i masnoću bez razmazivanja. Poručite, dostava širom Srbije.","","","Placeholder proizvod: isti naziv i slug kao kategorija, bez slike, cene, SKU i kategorije. Preporuka: ukloniti iz prodaje (unpublish/obrisati) jer se preklapa sa stranicom kategorije; tekst iznad važi samo ako ga ipak zadržite kao pravi proizvod."
"product","krpa-za-ciscenje-stakala","Krpa za čišćenje stakala","Krpa za čišćenje stakala bez tragova","Mikrofiber krpe za čišćenje stakla na autu i u kući – vetrobran, prozori i retrovizori ostaju čisti, bez tragova i mrlja. Poručite online, dostava širom Srbije.","","","Placeholder proizvod: isti naziv i slug kao kategorija, bez slike, cene, SKU i kategorije. Preporuka: ukloniti iz prodaje (unpublish/obrisati) jer se preklapa sa stranicom kategorije; tekst iznad važi samo ako ga ipak zadržite kao pravi proizvod."
"product","keramicka-zastita-i-ppf","Keramička Zaštita i PPF","Keramička zaštita i PPF folija za lak","Keramički premazi i PPF zaštitne folije za dugotrajnu zaštitu laka, uz mikrofiber krpe za rad sa premazima. Pogledajte ponudu. Poručite, dostava širom Srbije.","","","Placeholder proizvod: isti naziv i slug kao kategorija, bez slike, cene, SKU i kategorije. Preporuka: ukloniti iz prodaje (unpublish/obrisati) jer se preklapa sa stranicom kategorije; tekst iznad važi samo ako ga ipak zadržite kao pravi proizvod."
"product","hex-sundjer-za-srednje-poliranje-onyx-evolution-plavi-medium-cut","Hex Sundjer za Srednje Poliranje ONYX Evolution (Plavi, Medium Cut)","Hex sunđer za poliranje Medium Cut plavi","Plavi hex sunđer za srednje poliranje ONYX Evolution 130 mm. Šestougaona tekstura hladi pad i ravnomerno raspoređuje pastu. Poručite, dostava širom Srbije.","Plavi hex sunđer za srednje poliranje ONYX Evolution 130 mm (Medium Cut)","","U nazivu i slugu piše „Sundjer“ – ispravno je „Sunđer“. Naziv ne sadrži prečnik (130 mm) kao ostali padovi."
"product","hex-sundjer-za-grubo-poliranje-130mm-onyx-evolution-beli-heavy-cut","Hex Sundjer za Grubo Poliranje 130mm ONYX Evolution (Beli, Heavy Cut)","Hex sunđer za grubo poliranje 130 mm beli","Beli hex sunđer za grubo poliranje ONYX Evolution 130 mm za snažnu korekciju laka. Šestougaona tekstura hladi i ravnomerno nosi pastu. Dostava širom Srbije.","Beli hex sunđer za grubo poliranje ONYX Evolution 130 mm (Heavy Cut)","","U nazivu i slugu piše „Sundjer“ – ispravno je „Sunđer“."
"product","hex-sundjer-za-finis-poliranje-onyx-evolution-130mm-crveni-finishing","Hex Sundjer za Finiš Poliranje ONYX Evolution 130mm (Crveni, Finishing)","Hex sunđer za finiš poliranje 130 mm crveni","Crveni hex sunđer za finiš poliranje ONYX Evolution 130 mm, mekan pad za završni sjaj i ravnomerno nanošenje glaza, voska i zaptivača. Dostava širom Srbije.","Crveni hex sunđer za finiš poliranje ONYX Evolution 130 mm (Finishing)","","HITNO: na kraju opisa je vidljiva interna „NAPOMENA: …“ (o kratkom opisu sa tekstom „Mikrofiber Hot Wheel“) – obrisati iz opisa i proveriti kratki opis. „Sundjer“ → „Sunđer“."
"product","fish-scale-krpa-za-staklo-onyx-evolution-fish-scale-towel-1-kom","Fish Scale Krpa za Staklo | ONYX Evolution Fish Scale Towel 1 kom","Mikrofiber krpa za staklo Fish Scale","Fish Scale mikrofiber krpa za staklo ONYX Evolution za čišćenje vetrobrana, prozora i retrovizora bez tragova i dlačica. Cena za 1 kom. Dostava širom Srbije.","ONYX Evolution Fish Scale mikrofiber krpa za staklo sa teksturom riblje krljušti","","Kratki i dugi opis su preuzeti od Glass Wipe krpe (pominju „Glass Wipe“) – napisati poseban tekst za Fish Scale. Greška u kucanju: „greču“ → „grebu“. Galerijska slika nema alt tekst."
"product","dvostrani-peskir-za-susenje-auta-onyx-evolution-ultra-dryer","Dvostrani Peškir Za Sušenje Auta | Onyx Evolution Ultra Dryer","Peškir za sušenje auta Ultra Dryer 1,5 L","Dvostrani peškir za sušenje auta Onyx Evolution Ultra Dryer upija preko 1,5 l vode i suši bez tragova i vlakana, bezbedno po laku. Dostava širom Srbije.","Onyx Evolution Ultra Dryer dvostrani mikrofiber peškir za sušenje auta","","SKU „OX01“ odstupa od formata ostalih (OX007–OX025) – proverite da li je nepotpun."
"product","dubinsko-ciscenje","Dubinsko Čišćenje","Dubinsko čišćenje auta, mikrofiber krpe","Mikrofiber krpe za detaljno i dubinsko čišćenje vozila – za staklo, enterijer, dovratke i felne, bez tragova i razmazivanja. Poručite, dostava širom Srbije.","","","Placeholder proizvod: isti naziv i slug kao kategorija, bez slike, cene, SKU i kategorije. Preporuka: ukloniti iz prodaje (unpublish/obrisati) jer se preklapa sa stranicom kategorije; tekst iznad važi samo ako ga ipak zadržite kao pravi proizvod."
"product","crna-vuna-za-grubo-poliranje-130mm-onyx-evolution-heavy-cut","Crna Vuna za Grubo Poliranje 130mm ONYX Evolution Heavy Cut","Crna vuna za poliranje 130 mm Heavy Cut","Crna vuna za poliranje ONYX Evolution 130 mm, agresivan vuneni pad za grubu korekciju i brzo uklanjanje dubokih defekata na tvrdim lakovima. Poručite online.","Crni vuneni pad za grubo poliranje ONYX Evolution 130 mm (Heavy Cut)","","Opis je gotovo identičan beloj vuni (OX007) – dodajte po čemu se crna i bela vuna razlikuju, inače su duplikat sadržaja."
"product","ciscenje-eksterijera","Čišćenje eksterijera","Čišćenje eksterijera auta, peškiri i pribor","Proizvodi i pribor za čišćenje spoljašnjosti vozila: mikrofiber peškiri za sušenje, krpe i aplikatori za gume. Pogledajte ponudu. Dostava širom Srbije.","","","Placeholder proizvod: isti naziv i slug kao kategorija, bez slike, cene, SKU i kategorije. Preporuka: ukloniti iz prodaje (unpublish/obrisati) jer se preklapa sa stranicom kategorije; tekst iznad važi samo ako ga ipak zadržite kao pravi proizvod."
"product","bela-vuna-za-grubo-poliranje-130mm-onyx-evolution-heavy-cut","Bela Vuna za Grubo Poliranje 130mm ONYX Evolution Heavy Cut","Bela vuna za poliranje 130 mm Heavy Cut","Bela vuna za grubo poliranje ONYX Evolution 130 mm za brzu korekciju dubokih ogrebotina i oksidacije, posebno na tvrdim lakovima. Dostava širom Srbije.","Beli vuneni pad za grubo poliranje ONYX Evolution 130 mm (Heavy Cut)","","Opis je gotovo identičan crnoj vuni (OX008) – dodajte po čemu se bela i crna vuna razlikuju, inače su duplikat sadržaja."
"category","ciscenje-eksterijera","Čišćenje eksterijera","Čišćenje eksterijera auta: peškiri i pribor","Pribor za pranje i sušenje spoljašnjosti vozila: mikrofiber peškiri za sušenje karoserije i stakala, krpe i aplikatori za gume. Poručite, dostava širom Srbije.","","Sve što vam treba posle pranja automobila: mikrofiber peškiri koji upijaju vodu sa karoserije i stakala bez tragova, meke krpe za završnu doradu i aplikatori za ravnomerno nanošenje dresinga na gume. Izaberite pribor koji je bezbedan po laku i zaštitnim premazima.","Kategorija nema opis. Direktno sadrži samo Polishing Wipe krpu – proverite raspored proizvoda po potkategorijama."
"category","dubinsko-ciscenje","Dubinsko Čišćenje","Dubinsko čišćenje auta: mikrofiber krpe","Mikrofiber krpe za detaljno i dubinsko čišćenje vozila: krpe za staklo bez tragova i višenamenske krpe za enterijer, dovratke i felne. Dostava širom Srbije.","","Mikrofiber krpe za detaljno čišćenje unutrašnjosti i spoljašnjosti vozila. U ovoj kategoriji su krpe za staklo koje ostavljaju vetrobran i prozore bez tragova, kao i višenamenske krpe za enterijer, dovratke i felne. Guste, meke niti hvataju prašinu i masnoću bez razmazivanja i grebanja.","Kategorija nema opis. Naziv je u formatu „Dubinsko Čišćenje“ – preporuka „Dubinsko čišćenje“. Nadkategorija bez direktno dodeljenih proizvoda."
"category","keramicka-zastita-i-ppf","Keramička Zaštita i PPF","Keramička zaštita i PPF folija za lak","Zaštita laka automobila: transparentna PPF zaštitna folija protiv kamenčića i ogrebotina i mikrofiber krpe za rad sa premazima. Poručite, dostava širom Srbije.","","Dugotrajna zaštita originalnog laka vozila na jednom mestu. PPF zaštitna folija pruža fizičku barijeru protiv kamenčića, peska, insekata i sitnih ogrebotina, a keramički premaz dodaje hemijsku zaštitu i hidrofobna svojstva. Uz to ovde nalazite i mikrofiber krpe za rad sa premazima.","Kategorija nema opis. Naziv obećava keramičke premaze, a u prodavnici trenutno nema nijednog keramičkog premaza – dodajte proizvod ili prilagodite naziv. „Zaštita“ velikim slovom → „Keramička zaštita i PPF“."
"category","krpa-za-ciscenje-stakala","Krpa za čišćenje stakala","Krpa za čišćenje stakala auta bez tragova","Mikrofiber krpe za staklo ONYX Evolution: Glass Wipe, vafel i Fish Scale krpe za vetrobran, prozore i retrovizore bez tragova i mrlja. Dostava širom Srbije.","","Čisto staklo znači bolju vidljivost tokom vožnje. Naše mikrofiber krpe za staklo, gusto tkane Glass Wipe, vafel Waffle Wipe sa većim kapacitetom upijanja i Fish Scale, skidaju masni film, prašinu i ostatke sredstava bez tragova i dlačica. Odlično rade i na ogledalima i prozorima u domaćinstvu.","Kategorija nema opis."
"category","krpa-za-detaljno-ciscenje","Krpa za detaljno čišćenje","Krpa za detaljno čišćenje enterijera auta","Višenamenske mikrofiber krpe za detaljno čišćenje enterijera, dovrataka i felni. Hvataju prašinu, masnoću i vlagu bez grebanja. Poručite, dostava širom Srbije.","","Višenamenska mikrofiber krpa je radna krpa koju uvek imate pri ruci: za brisanje prašine u enterijeru, skupljanje vlage sa dovrataka posle pranja i završnu doradu felni. Meka vlakna ne grebu tvrdu plastiku, staklo ni lakirane delove, a visoka upijljivost ubrzava rad.","Kategorija nema opis."
"category","krpa-za-keramicku-zastitu","Krpa za keramičku zaštitu","Mikrofiber krpa za keramičku zaštitu laka","Mikrofiber krpe za rad sa keramičkim premazima i završnu negu laka. Meka vlakna ne grebu i ne ostavljaju fleke ni tragove vode. Poručite, dostava širom Srbije.","","Rad sa keramičkim premazima, voskom i zaptivačima traži čiste i meke krpe koje ne ostavljaju tragove na laku. Mikrofiber krpe u ovoj kategoriji brzo upijaju ostatke proizvoda i vlagu, klize bez grebanja i pomažu da sjaj ostane ujednačen, posebno na tamnim lakovima.","Kategorija nema opis. Jedini proizvod je Multi Wipe (krpa za enterijer/felne); Polishing Wipe (skidanje voska i zaptivača) bolje odgovara ovoj kategoriji."
"category","peskir-za-auto","Peškir za auto","Peškir za sušenje auta, mikrofiber","Mikrofiber peškiri za sušenje auta ONYX Evolution: Ultra Dryer i Rapid Dryer upijaju preko 1,5 l vode i suše bez tragova i vlakana. Dostava širom Srbije.","","Sušenje je faza u kojoj se najlakše ošteti lak, zato je dobar peškir važan koliko i šampon. Naši mikrofiber peškiri upijaju preko 1,5 litra vode, suše bez tragova i vlakana i bezbedni su preko voska, zaptivača i keramičkih premaza. Rapid Dryer ima i posebnu stranu za stakla.","Kategorija nema opis."
"category","poliranje","Poliranje","Poliranje auta: sunđeri i padovi za lak","Sve za mašinsko poliranje i korekciju laka: sunđeri, hex, mikrofiber i vuneni padovi 130 mm, od grube korekcije do završnog sjaja. Dostava širom Srbije.","","Oprema za mašinsko poliranje i korekciju laka za profesionalce i entuzijaste. Padovi su organizovani po stepenu sečenja: od vune i heavy cut sunđera za duboke ogrebotine i oksidaciju, preko univerzalnih medium cut padova, do mekih sunđera za fino poliranje, završni sjaj i nanošenje zaštite.","Kategorija nema opis. Nadkategorija bez direktno dodeljenih proizvoda."
"category","ppf-auto-folija","PPF auto folija","PPF auto folija za zaštitu laka vozila","PPF auto folija ONYX EVO Clear: transparentna TPU zaštitna folija sa self-healing tehnologijom, štiti lak od kamenčića i ogrebotina. Dostava širom Srbije.","","PPF (Paint Protection Film) je providna zaštitna folija koja se nanosi direktno na lak i štiti ga od kamenčića sa puta, peska, insekata i sitnih ogrebotina. Najčešće se postavlja na prednji branik, haubu, blatobrane, retrovizore i farove, a može se ukloniti bez oštećenja originalnog laka.","Kategorija nema opis."
"category","sunder-za-nanosenje-premaza-aplikator","Sunđer za nanošenje premaza (Aplikator)","Aplikator sunđer za nanošenje premaza","Aplikatori za nanošenje dresinga i premaza za gume. ONYX EVO Hex aplikator daje ravnomeran nanos bez prskanja, periv je i višekratan. Dostava širom Srbije.","","Aplikator olakšava ravnomerno nanošenje dresinga i zaštitnih premaza za gume bez prljanja felni i rasipanja proizvoda. ONYX EVO Hex aplikator ima šestougaonu teksturu koja zadržava optimalnu količinu dresinga i otpušta je ravnomerno, a posle upotrebe se pere i koristi ponovo.","Kategorija nema opis."
"category","ulozak-za-poliranje","Uložak za poliranje","Uložak za poliranje: sunđeri i vuna 130 mm","Ulošci za poliranje ONYX Evolution 130 mm za tanjir 125 mm: penasti, hex, mikrofiber i vuneni padovi od heavy cut do finiša. Poručite, dostava širom Srbije.","","Ulošci (padovi) za rotacione i DA mašine, prečnika 130 mm za potporni tanjir od 125 mm. Za grubu korekciju izaberite vunu ili heavy cut sunđer, za svakodnevnu korekciju medium cut, a za završni sjaj i nanošenje voska ili zaptivača mekane polishing i finishing padove.","Kategorija nema opis."
