type,slug,locale,name,severity,issue,detail
"product","ciscenje-eksterijera","all","Čišćenje eksterijera","high","missing_image","No featured image"
"product","ciscenje-eksterijera","all","Čišćenje eksterijera","high","missing_price","No Offer in structured data; not purchasable"
"product","ciscenje-eksterijera","all","Čišćenje eksterijera","high","missing_category","Only 'Uncategorized'"
"product","ciscenje-eksterijera","all","Čišćenje eksterijera","high","placeholder_product","Product has the same name as a category and almost no content — likely a placeholder; publish-check or remove"
"product","dubinsko-ciscenje","all","Dubinsko Čišćenje","high","missing_image","No featured image"
"product","dubinsko-ciscenje","all","Dubinsko Čišćenje","high","missing_price","No Offer in structured data; not purchasable"
"product","dubinsko-ciscenje","all","Dubinsko Čišćenje","high","missing_category","Only 'Uncategorized'"
"product","dubinsko-ciscenje","all","Dubinsko Čišćenje","high","placeholder_product","Product has the same name as a category and almost no content — likely a placeholder; publish-check or remove"
"product","hex-sundjer-za-finis-poliranje-onyx-evolution-130mm-crveni-finishing","de","Hex Finish-Polierschwamm ONYX Evolution 130mm (Rot, Finishing)","high","internal_note_in_copy","Translated copy contains an internal note visible to customers"
"product","hex-sundjer-za-finis-poliranje-onyx-evolution-130mm-crveni-finishing","en","Hex Finishing Pad ONYX Evolution 130mm (Red, Finishing)","high","internal_note_in_copy","Translated copy contains an internal note visible to customers"
"product","hex-sundjer-za-finis-poliranje-onyx-evolution-130mm-crveni-finishing","sr","Hex Sundjer za Finiš Poliranje ONYX Evolution 130mm (Crveni, Finishing)","high","internal_note_in_copy","Contains an internal 'NAPOMENA' note visible to customers"
"product","keramicka-zastita-i-ppf","all","Keramička Zaštita i PPF","high","missing_image","No featured image"
"product","keramicka-zastita-i-ppf","all","Keramička Zaštita i PPF","high","missing_price","No Offer in structured data; not purchasable"
"product","keramicka-zastita-i-ppf","all","Keramička Zaštita i PPF","high","missing_category","Only 'Uncategorized'"
"product","keramicka-zastita-i-ppf","all","Keramička Zaštita i PPF","high","placeholder_product","Product has the same name as a category and almost no content — likely a placeholder; publish-check or remove"
"product","krpa-za-ciscenje-stakala","all","Krpa za čišćenje stakala","high","missing_image","No featured image"
"product","krpa-za-ciscenje-stakala","all","Krpa za čišćenje stakala","high","missing_price","No Offer in structured data; not purchasable"
"product","krpa-za-ciscenje-stakala","all","Krpa za čišćenje stakala","high","missing_category","Only 'Uncategorized'"
"product","krpa-za-ciscenje-stakala","all","Krpa za čišćenje stakala","high","placeholder_product","Product has the same name as a category and almost no content — likely a placeholder; publish-check or remove"
"product","krpa-za-detaljno-ciscenje","all","Krpa za detaljno čišćenje","high","missing_image","No featured image"
"product","krpa-za-detaljno-ciscenje","all","Krpa za detaljno čišćenje","high","missing_price","No Offer in structured data; not purchasable"
"product","krpa-za-detaljno-ciscenje","all","Krpa za detaljno čišćenje","high","missing_category","Only 'Uncategorized'"
"product","krpa-za-detaljno-ciscenje","all","Krpa za detaljno čišćenje","high","placeholder_product","Product has the same name as a category and almost no content — likely a placeholder; publish-check or remove"
"product","krpa-za-keramicku-zastitu","all","Krpa za keramičku zaštitu","high","missing_image","No featured image"
"product","krpa-za-keramicku-zastitu","all","Krpa za keramičku zaštitu","high","missing_price","No Offer in structured data; not purchasable"
"product","krpa-za-keramicku-zastitu","all","Krpa za keramičku zaštitu","high","missing_category","Only 'Uncategorized'"
"product","krpa-za-keramicku-zastitu","all","Krpa za keramičku zaštitu","high","placeholder_product","Product has the same name as a category and almost no content — likely a placeholder; publish-check or remove"
"product","peskir-za-auto","all","Peškir za auto","high","missing_image","No featured image"
"product","peskir-za-auto","all","Peškir za auto","high","missing_price","No Offer in structured data; not purchasable"
"product","peskir-za-auto","all","Peškir za auto","high","missing_category","Only 'Uncategorized'"
"product","peskir-za-auto","all","Peškir za auto","high","placeholder_product","Product has the same name as a category and almost no content — likely a placeholder; publish-check or remove"
"product","poliranje","all","Poliranje","high","missing_image","No featured image"
"product","poliranje","all","Poliranje","high","missing_price","No Offer in structured data; not purchasable"
"product","poliranje","all","Poliranje","high","missing_category","Only 'Uncategorized'"
"product","poliranje","all","Poliranje","high","placeholder_product","Product has the same name as a category and almost no content — likely a placeholder; publish-check or remove"
"product","ppf-auto-folija","all","PPF auto folija","high","missing_image","No featured image"
"product","ppf-auto-folija","all","PPF auto folija","high","missing_price","No Offer in structured data; not purchasable"
"product","ppf-auto-folija","all","PPF auto folija","high","missing_category","Only 'Uncategorized'"
"product","ppf-auto-folija","all","PPF auto folija","high","placeholder_product","Product has the same name as a category and almost no content — likely a placeholder; publish-check or remove"
"product","sunder-za-nanosenje-premaza-aplikator","all","Sunđer za nanošenje premaza (Aplikator)","high","missing_image","No featured image"
"product","sunder-za-nanosenje-premaza-aplikator","all","Sunđer za nanošenje premaza (Aplikator)","high","missing_price","No Offer in structured data; not purchasable"
"product","sunder-za-nanosenje-premaza-aplikator","all","Sunđer za nanošenje premaza (Aplikator)","high","missing_category","Only 'Uncategorized'"
"product","sunder-za-nanosenje-premaza-aplikator","all","Sunđer za nanošenje premaza (Aplikator)","high","placeholder_product","Product has the same name as a category and almost no content — likely a placeholder; publish-check or remove"
"product","ulozak-za-poliranje","all","Uložak za poliranje","high","missing_image","No featured image"
"product","ulozak-za-poliranje","all","Uložak za poliranje","high","missing_price","No Offer in structured data; not purchasable"
"product","ulozak-za-poliranje","all","Uložak za poliranje","high","missing_category","Only 'Uncategorized'"
"product","ulozak-za-poliranje","all","Uložak za poliranje","high","placeholder_product","Product has the same name as a category and almost no content — likely a placeholder; publish-check or remove"
"category","ciscenje-eksterijera","de","Außenreinigung","medium","missing_description","No intro text in this locale"
"category","ciscenje-eksterijera","en","Exterior Cleaning","medium","missing_description","No intro text in this locale"
"category","ciscenje-eksterijera","sr","Čišćenje eksterijera","medium","missing_description","No intro text — category page is a bare product grid"
"category","dubinsko-ciscenje","de","Tiefenreinigung","medium","missing_description","No intro text in this locale"
"category","dubinsko-ciscenje","en","Deep Cleaning","medium","missing_description","No intro text in this locale"
"category","dubinsko-ciscenje","sr","Dubinsko Čišćenje","medium","missing_description","No intro text — category page is a bare product grid"
"category","keramicka-zastita-i-ppf","de","Keramikversiegelung & PPF","medium","missing_description","No intro text in this locale"
"category","keramicka-zastita-i-ppf","en","Ceramic Coating & PPF","medium","missing_description","No intro text in this locale"
"category","keramicka-zastita-i-ppf","sr","Keramička Zaštita i PPF","medium","missing_description","No intro text — category page is a bare product grid"
"category","krpa-za-ciscenje-stakala","de","Glasreinigungstücher","medium","missing_description","No intro text in this locale"
"category","krpa-za-ciscenje-stakala","en","Glass Cleaning Towels","medium","missing_description","No intro text in this locale"
"category","krpa-za-ciscenje-stakala","sr","Krpa za čišćenje stakala","medium","missing_description","No intro text — category page is a bare product grid"
"category","krpa-za-detaljno-ciscenje","de","Detailing-Tücher","medium","missing_description","No intro text in this locale"
"category","krpa-za-detaljno-ciscenje","en","Detailing Towels","medium","missing_description","No intro text in this locale"
"category","krpa-za-detaljno-ciscenje","sr","Krpa za detaljno čišćenje","medium","missing_description","No intro text — category page is a bare product grid"
"category","krpa-za-keramicku-zastitu","de","Tücher für Keramikversiegelung","medium","missing_description","No intro text in this locale"
"category","krpa-za-keramicku-zastitu","en","Ceramic Coating Towels","medium","missing_description","No intro text in this locale"
"category","krpa-za-keramicku-zastitu","sr","Krpa za keramičku zaštitu","medium","missing_description","No intro text — category page is a bare product grid"
"category","peskir-za-auto","de","Auto-Trockentücher","medium","missing_description","No intro text in this locale"
"category","peskir-za-auto","en","Car Drying Towels","medium","missing_description","No intro text in this locale"
"category","peskir-za-auto","sr","Peškir za auto","medium","missing_description","No intro text — category page is a bare product grid"
"category","poliranje","de","Polieren","medium","missing_description","No intro text in this locale"
"category","poliranje","en","Polishing","medium","missing_description","No intro text in this locale"
"category","poliranje","sr","Poliranje","medium","missing_description","No intro text — category page is a bare product grid"
"category","ppf-auto-folija","de","PPF Lackschutzfolie","medium","missing_description","No intro text in this locale"
"category","ppf-auto-folija","en","PPF Paint Protection Film","medium","missing_description","No intro text in this locale"
"category","ppf-auto-folija","sr","PPF auto folija","medium","missing_description","No intro text — category page is a bare product grid"
"category","sunder-za-nanosenje-premaza-aplikator","de","Applikatorschwämme","medium","missing_description","No intro text in this locale"
"category","sunder-za-nanosenje-premaza-aplikator","en","Coating Application Pads (Applicators)","medium","missing_description","No intro text in this locale"
"category","sunder-za-nanosenje-premaza-aplikator","sr","Sunđer za nanošenje premaza (Aplikator)","medium","missing_description","No intro text — category page is a bare product grid"
"category","ulozak-za-poliranje","de","Polierpads","medium","missing_description","No intro text in this locale"
"category","ulozak-za-poliranje","en","Polishing Pads","medium","missing_description","No intro text in this locale"
"category","ulozak-za-poliranje","sr","Uložak za poliranje","medium","missing_description","No intro text — category page is a bare product grid"
"product","ciscenje-eksterijera","all","Čišćenje eksterijera","medium","missing_sku","Needed for Product structured data"
"product","ciscenje-eksterijera","all","Čišćenje eksterijera","medium","slug_same_as_category","Product and category share slug 'ciscenje-eksterijera'"
"product","ciscenje-eksterijera","de","Außenreinigung","medium","meta_description_too_short","53 chars"
"product","ciscenje-eksterijera","de","Außenreinigung","medium","thin_content","6 words in description (< 150)"
"product","ciscenje-eksterijera","en","Exterior Cleaning","medium","meta_description_too_short","59 chars"
"product","ciscenje-eksterijera","en","Exterior Cleaning","medium","thin_content","8 words in description (< 150)"
"product","ciscenje-eksterijera","sr","Čišćenje eksterijera","medium","missing_short_description","Used for meta description + listing snippet"
"product","ciscenje-eksterijera","sr","Čišćenje eksterijera","medium","thin_content","7 words in description (< 150)"
"product","ciscenje-eksterijera","sr","Čišćenje eksterijera","medium","meta_description_too_short","Best available description text is 52 chars"
"product","dubinsko-ciscenje","all","Dubinsko Čišćenje","medium","missing_sku","Needed for Product structured data"
"product","dubinsko-ciscenje","all","Dubinsko Čišćenje","medium","slug_same_as_category","Product and category share slug 'dubinsko-ciscenje'"
"product","dubinsko-ciscenje","de","Tiefenreinigung","medium","thin_content","7 words in description (< 150)"
"product","dubinsko-ciscenje","en","Deep Cleaning","medium","meta_description_too_short","61 chars"
"product","dubinsko-ciscenje","en","Deep Cleaning","medium","thin_content","9 words in description (< 150)"
"product","dubinsko-ciscenje","sr","Dubinsko Čišćenje","medium","missing_short_description","Used for meta description + listing snippet"
"product","dubinsko-ciscenje","sr","Dubinsko Čišćenje","medium","thin_content","8 words in description (< 150)"
"product","dubinsko-ciscenje","sr","Dubinsko Čišćenje","medium","title_too_short","Name is 17 chars — weak as a page title"
"product","dubinsko-ciscenje","sr","Dubinsko Čišćenje","medium","meta_description_too_short","Best available description text is 55 chars"
"product","keramicka-zastita-i-ppf","all","Keramička Zaštita i PPF","medium","missing_sku","Needed for Product structured data"
"product","keramicka-zastita-i-ppf","all","Keramička Zaštita i PPF","medium","slug_same_as_category","Product and category share slug 'keramicka-zastita-i-ppf'"
"product","keramicka-zastita-i-ppf","de","Keramikversiegelung & PPF","medium","thin_content","6 words in description (< 150)"
"product","keramicka-zastita-i-ppf","en","Ceramic Coating & PPF","medium","thin_content","11 words in description (< 150)"
"product","keramicka-zastita-i-ppf","sr","Keramička Zaštita i PPF","medium","missing_short_description","Used for meta description + listing snippet"
"product","keramicka-zastita-i-ppf","sr","Keramička Zaštita i PPF","medium","thin_content","10 words in description (< 150)"
"product","keramicka-zastita-i-ppf","sr","Keramička Zaštita i PPF","medium","meta_description_too_short","Best available description text is 67 chars"
"product","krpa-za-ciscenje-stakala","all","Krpa za čišćenje stakala","medium","missing_sku","Needed for Product structured data"
"product","krpa-za-ciscenje-stakala","all","Krpa za čišćenje stakala","medium","slug_same_as_category","Product and category share slug 'krpa-za-ciscenje-stakala'"
"product","krpa-za-ciscenje-stakala","de","Glasreinigungstücher","medium","meta_description_too_short","66 chars"
"product","krpa-za-ciscenje-stakala","de","Glasreinigungstücher","medium","thin_content","7 words in description (< 150)"
"product","krpa-za-ciscenje-stakala","en","Glass Cleaning Towels","medium","meta_description_too_short","61 chars"
"product","krpa-za-ciscenje-stakala","en","Glass Cleaning Towels","medium","thin_content","7 words in description (< 150)"
"product","krpa-za-ciscenje-stakala","sr","Krpa za čišćenje stakala","medium","missing_short_description","Used for meta description + listing snippet"
"product","krpa-za-ciscenje-stakala","sr","Krpa za čišćenje stakala","medium","thin_content","9 words in description (< 150)"
"product","krpa-za-ciscenje-stakala","sr","Krpa za čišćenje stakala","medium","meta_description_too_short","Best available description text is 55 chars"
"product","krpa-za-detaljno-ciscenje","all","Krpa za detaljno čišćenje","medium","missing_sku","Needed for Product structured data"
"product","krpa-za-detaljno-ciscenje","all","Krpa za detaljno čišćenje","medium","slug_same_as_category","Product and category share slug 'krpa-za-detaljno-ciscenje'"
"product","krpa-za-detaljno-ciscenje","de","Detailing-Tücher","medium","meta_description_too_short","66 chars"
"product","krpa-za-detaljno-ciscenje","de","Detailing-Tücher","medium","thin_content","6 words in description (< 150)"
"product","krpa-za-detaljno-ciscenje","en","Detailing Towels","medium","meta_description_too_short","69 chars"
"product","krpa-za-detaljno-ciscenje","en","Detailing Towels","medium","thin_content","9 words in description (< 150)"
"product","krpa-za-detaljno-ciscenje","sr","Krpa za detaljno čišćenje","medium","missing_short_description","Used for meta description + listing snippet"
"product","krpa-za-detaljno-ciscenje","sr","Krpa za detaljno čišćenje","medium","thin_content","8 words in description (< 150)"
"product","krpa-za-detaljno-ciscenje","sr","Krpa za detaljno čišćenje","medium","meta_description_too_short","Best available description text is 60 chars"
"product","krpa-za-keramicku-zastitu","all","Krpa za keramičku zaštitu","medium","missing_sku","Needed for Product structured data"
"product","krpa-za-keramicku-zastitu","all","Krpa za keramičku zaštitu","medium","slug_same_as_category","Product and category share slug 'krpa-za-keramicku-zastitu'"
"product","krpa-za-keramicku-zastitu","de","Tücher für Keramikversiegelung","medium","meta_description_too_short","58 chars"
"product","krpa-za-keramicku-zastitu","de","Tücher für Keramikversiegelung","medium","thin_content","6 words in description (< 150)"
"product","krpa-za-keramicku-zastitu","en","Ceramic Coating Towels","medium","meta_description_too_short","61 chars"
"product","krpa-za-keramicku-zastitu","en","Ceramic Coating Towels","medium","thin_content","8 words in description (< 150)"
"product","krpa-za-keramicku-zastitu","sr","Krpa za keramičku zaštitu","medium","missing_short_description","Used for meta description + listing snippet"
"product","krpa-za-keramicku-zastitu","sr","Krpa za keramičku zaštitu","medium","thin_content","7 words in description (< 150)"
"product","krpa-za-keramicku-zastitu","sr","Krpa za keramičku zaštitu","medium","meta_description_too_short","Best available description text is 55 chars"
"product","onyx-evo-hex-aplikator-za-gume","all","ONYX EVO Hex Aplikator za Gume","medium","missing_sku","Needed for Product structured data"
"product","peskir-za-auto","all","Peškir za auto","medium","missing_sku","Needed for Product structured data"
"product","peskir-za-auto","all","Peškir za auto","medium","slug_same_as_category","Product and category share slug 'peskir-za-auto'"
"product","peskir-za-auto","de","Auto-Trockentücher","medium","meta_description_too_short","53 chars"
"product","peskir-za-auto","de","Auto-Trockentücher","medium","thin_content","5 words in description (< 150)"
"product","peskir-za-auto","en","Car Drying Towels","medium","meta_description_too_short","48 chars"
"product","peskir-za-auto","en","Car Drying Towels","medium","thin_content","7 words in description (< 150)"
"product","peskir-za-auto","sr","Peškir za auto","medium","missing_short_description","Used for meta description + listing snippet"
"product","peskir-za-auto","sr","Peškir za auto","medium","thin_content","7 words in description (< 150)"
"product","peskir-za-auto","sr","Peškir za auto","medium","title_too_short","Name is 14 chars — weak as a page title"
"product","peskir-za-auto","sr","Peškir za auto","medium","meta_description_too_short","Best available description text is 51 chars"
"product","poliranje","all","Poliranje","medium","missing_sku","Needed for Product structured data"
"product","poliranje","all","Poliranje","medium","slug_same_as_category","Product and category share slug 'poliranje'"
"product","poliranje","de","Polieren","medium","meta_description_too_short","52 chars"
"product","poliranje","de","Polieren","medium","thin_content","6 words in description (< 150)"
"product","poliranje","en","Polishing","medium","meta_description_too_short","52 chars"
"product","poliranje","en","Polishing","medium","thin_content","7 words in description (< 150)"
"product","poliranje","sr","Poliranje","medium","missing_short_description","Used for meta description + listing snippet"
"product","poliranje","sr","Poliranje","medium","thin_content","8 words in description (< 150)"
"product","poliranje","sr","Poliranje","medium","title_too_short","Name is 9 chars — weak as a page title"
"product","poliranje","sr","Poliranje","medium","meta_description_too_short","Best available description text is 56 chars"
"product","ppf-auto-folija","all","PPF auto folija","medium","missing_sku","Needed for Product structured data"
"product","ppf-auto-folija","all","PPF auto folija","medium","slug_same_as_category","Product and category share slug 'ppf-auto-folija'"
"product","ppf-auto-folija","de","PPF Lackschutzfolie","medium","meta_description_too_short","55 chars"
"product","ppf-auto-folija","de","PPF Lackschutzfolie","medium","thin_content","5 words in description (< 150)"
"product","ppf-auto-folija","en","PPF Paint Protection Film","medium","meta_description_too_short","55 chars"
"product","ppf-auto-folija","en","PPF Paint Protection Film","medium","thin_content","8 words in description (< 150)"
"product","ppf-auto-folija","sr","PPF auto folija","medium","missing_short_description","Used for meta description + listing snippet"
"product","ppf-auto-folija","sr","PPF auto folija","medium","thin_content","7 words in description (< 150)"
"product","ppf-auto-folija","sr","PPF auto folija","medium","title_too_short","Name is 15 chars — weak as a page title"
"product","ppf-auto-folija","sr","PPF auto folija","medium","meta_description_too_short","Best available description text is 48 chars"
"product","sunder-za-nanosenje-premaza-aplikator","all","Sunđer za nanošenje premaza (Aplikator)","medium","missing_sku","Needed for Product structured data"
"product","sunder-za-nanosenje-premaza-aplikator","all","Sunđer za nanošenje premaza (Aplikator)","medium","slug_same_as_category","Product and category share slug 'sunder-za-nanosenje-premaza-aplikator'"
"product","sunder-za-nanosenje-premaza-aplikator","de","Applikatorschwamm für Beschichtungen","medium","thin_content","8 words in description (< 150)"
"product","sunder-za-nanosenje-premaza-aplikator","en","Coating Application Pad (Applicator)","medium","meta_description_too_short","61 chars"
"product","sunder-za-nanosenje-premaza-aplikator","en","Coating Application Pad (Applicator)","medium","thin_content","8 words in description (< 150)"
"product","sunder-za-nanosenje-premaza-aplikator","sr","Sunđer za nanošenje premaza (Aplikator)","medium","missing_short_description","Used for meta description + listing snippet"
"product","sunder-za-nanosenje-premaza-aplikator","sr","Sunđer za nanošenje premaza (Aplikator)","medium","thin_content","9 words in description (< 150)"
"product","sunder-za-nanosenje-premaza-aplikator","sr","Sunđer za nanošenje premaza (Aplikator)","medium","meta_description_too_short","Best available description text is 60 chars"
"product","ulozak-za-poliranje","all","Uložak za poliranje","medium","missing_sku","Needed for Product structured data"
"product","ulozak-za-poliranje","all","Uložak za poliranje","medium","slug_same_as_category","Product and category share slug 'ulozak-za-poliranje'"
"product","ulozak-za-poliranje","de","Polierpads","medium","thin_content","8 words in description (< 150)"
"product","ulozak-za-poliranje","en","Polishing Pads","medium","meta_description_too_short","59 chars"
"product","ulozak-za-poliranje","en","Polishing Pads","medium","thin_content","9 words in description (< 150)"
"product","ulozak-za-poliranje","sr","Uložak za poliranje","medium","missing_short_description","Used for meta description + listing snippet"
"product","ulozak-za-poliranje","sr","Uložak za poliranje","medium","thin_content","10 words in description (< 150)"
"product","ulozak-za-poliranje","sr","Uložak za poliranje","medium","title_too_short","Name is 19 chars — weak as a page title"
"category","ciscenje-eksterijera","all","Čišćenje eksterijera","low","missing_image","No category image (used for OG image and category tiles)"
"category","dubinsko-ciscenje","all","Dubinsko Čišćenje","low","missing_image","No category image (used for OG image and category tiles)"
"category","keramicka-zastita-i-ppf","all","Keramička Zaštita i PPF","low","missing_image","No category image (used for OG image and category tiles)"
"category","krpa-za-ciscenje-stakala","all","Krpa za čišćenje stakala","low","missing_image","No category image (used for OG image and category tiles)"
"category","krpa-za-detaljno-ciscenje","all","Krpa za detaljno čišćenje","low","missing_image","No category image (used for OG image and category tiles)"
"category","krpa-za-keramicku-zastitu","all","Krpa za keramičku zaštitu","low","missing_image","No category image (used for OG image and category tiles)"
"category","peskir-za-auto","all","Peškir za auto","low","missing_image","No category image (used for OG image and category tiles)"
"category","poliranje","all","Poliranje","low","missing_image","No category image (used for OG image and category tiles)"
"category","ppf-auto-folija","all","PPF auto folija","low","missing_image","No category image (used for OG image and category tiles)"
"category","sunder-za-nanosenje-premaza-aplikator","all","Sunđer za nanošenje premaza (Aplikator)","low","missing_image","No category image (used for OG image and category tiles)"
"category","ulozak-za-poliranje","all","Uložak za poliranje","low","missing_image","No category image (used for OG image and category tiles)"
"product","bela-vuna-za-grubo-poliranje-130mm-onyx-evolution-heavy-cut","all","Bela Vuna za Grubo Poliranje 130mm ONYX Evolution Heavy Cut","low","missing_image_alt","Featured image has no alt (storefront falls back to product name)"
"product","bela-vuna-za-grubo-poliranje-130mm-onyx-evolution-heavy-cut","de","Weißes Wollpad für Schleifpolitur 130mm ONYX Evolution Heavy Cut","low","title_too_long","Name is 64 chars (81 with brand)"
"product","bela-vuna-za-grubo-poliranje-130mm-onyx-evolution-heavy-cut","sr","Bela Vuna za Grubo Poliranje 130mm ONYX Evolution Heavy Cut","low","title_too_long","Name is 59 chars (76 with brand) — truncated in search results"
"product","crna-vuna-za-grubo-poliranje-130mm-onyx-evolution-heavy-cut","all","Crna Vuna za Grubo Poliranje 130mm ONYX Evolution Heavy Cut","low","missing_image_alt","Featured image has no alt (storefront falls back to product name)"
"product","crna-vuna-za-grubo-poliranje-130mm-onyx-evolution-heavy-cut","de","Schwarzes Wollpad für Schleifpolitur 130mm ONYX Evolution Heavy Cut","low","title_too_long","Name is 67 chars (84 with brand)"
"product","crna-vuna-za-grubo-poliranje-130mm-onyx-evolution-heavy-cut","sr","Crna Vuna za Grubo Poliranje 130mm ONYX Evolution Heavy Cut","low","title_too_long","Name is 59 chars (76 with brand) — truncated in search results"
"product","dvostrani-peskir-za-susenje-auta-onyx-evolution-ultra-dryer","all","Dvostrani Peškir Za Sušenje Auta | Onyx Evolution Ultra Dryer","low","missing_image_alt","Featured image has no alt (storefront falls back to product name)"
"product","dvostrani-peskir-za-susenje-auta-onyx-evolution-ultra-dryer","de","Beidseitiges Auto-Trockentuch | Onyx Evolution Ultra Dryer","low","title_too_long","Name is 58 chars (75 with brand)"
"product","dvostrani-peskir-za-susenje-auta-onyx-evolution-ultra-dryer","en","Double-Sided Car Drying Towel | Onyx Evolution Ultra Dryer","low","title_too_long","Name is 58 chars (75 with brand)"
"product","dvostrani-peskir-za-susenje-auta-onyx-evolution-ultra-dryer","sr","Dvostrani Peškir Za Sušenje Auta | Onyx Evolution Ultra Dryer","low","title_too_long","Name is 61 chars (78 with brand) — truncated in search results"
"product","fish-scale-krpa-za-staklo-onyx-evolution-fish-scale-towel-1-kom","all","Fish Scale Krpa za Staklo | ONYX Evolution Fish Scale Towel 1 kom","low","missing_image_alt","Featured image has no alt (storefront falls back to product name)"
"product","fish-scale-krpa-za-staklo-onyx-evolution-fish-scale-towel-1-kom","all","Fish Scale Krpa za Staklo | ONYX Evolution Fish Scale Towel 1 kom","low","missing_gallery_alt","1 of 1 gallery images without alt"
"product","fish-scale-krpa-za-staklo-onyx-evolution-fish-scale-towel-1-kom","all","Fish Scale Krpa za Staklo | ONYX Evolution Fish Scale Towel 1 kom","low","slug_too_long","63 chars"
"product","fish-scale-krpa-za-staklo-onyx-evolution-fish-scale-towel-1-kom","de","Fish-Scale-Glastuch | ONYX Evolution Fish Scale Towel 1 Stk.","low","title_too_long","Name is 60 chars (77 with brand)"
"product","fish-scale-krpa-za-staklo-onyx-evolution-fish-scale-towel-1-kom","en","Fish Scale Glass Towel | ONYX Evolution Fish Scale Towel 1 pc","low","title_too_long","Name is 61 chars (78 with brand)"
"product","fish-scale-krpa-za-staklo-onyx-evolution-fish-scale-towel-1-kom","sr","Fish Scale Krpa za Staklo | ONYX Evolution Fish Scale Towel 1 kom","low","title_too_long","Name is 65 chars (82 with brand) — truncated in search results"
"product","hex-sundjer-za-finis-poliranje-onyx-evolution-130mm-crveni-finishing","all","Hex Sundjer za Finiš Poliranje ONYX Evolution 130mm (Crveni, Finishing)","low","missing_image_alt","Featured image has no alt (storefront falls back to product name)"
"product","hex-sundjer-za-finis-poliranje-onyx-evolution-130mm-crveni-finishing","all","Hex Sundjer za Finiš Poliranje ONYX Evolution 130mm (Crveni, Finishing)","low","slug_too_long","68 chars"
"product","hex-sundjer-za-finis-poliranje-onyx-evolution-130mm-crveni-finishing","all","Hex Sundjer za Finiš Poliranje ONYX Evolution 130mm (Crveni, Finishing)","low","slug_spelling_variant","Uses 'sundjer' — other slugs use 'sunder' (from 'sunđer'); pick one form"
"product","hex-sundjer-za-finis-poliranje-onyx-evolution-130mm-crveni-finishing","de","Hex Finish-Polierschwamm ONYX Evolution 130mm (Rot, Finishing)","low","title_too_long","Name is 62 chars (79 with brand)"
"product","hex-sundjer-za-finis-poliranje-onyx-evolution-130mm-crveni-finishing","en","Hex Finishing Pad ONYX Evolution 130mm (Red, Finishing)","low","title_too_long","Name is 55 chars (72 with brand)"
"product","hex-sundjer-za-finis-poliranje-onyx-evolution-130mm-crveni-finishing","sr","Hex Sundjer za Finiš Poliranje ONYX Evolution 130mm (Crveni, Finishing)","low","title_too_long","Name is 71 chars (88 with brand) — truncated in search results"
"product","hex-sundjer-za-grubo-poliranje-130mm-onyx-evolution-beli-heavy-cut","all","Hex Sundjer za Grubo Poliranje 130mm ONYX Evolution (Beli, Heavy Cut)","low","missing_image_alt","Featured image has no alt (storefront falls back to product name)"
"product","hex-sundjer-za-grubo-poliranje-130mm-onyx-evolution-beli-heavy-cut","all","Hex Sundjer za Grubo Poliranje 130mm ONYX Evolution (Beli, Heavy Cut)","low","slug_too_long","66 chars"
"product","hex-sundjer-za-grubo-poliranje-130mm-onyx-evolution-beli-heavy-cut","all","Hex Sundjer za Grubo Poliranje 130mm ONYX Evolution (Beli, Heavy Cut)","low","slug_spelling_variant","Uses 'sundjer' — other slugs use 'sunder' (from 'sunđer'); pick one form"
"product","hex-sundjer-za-grubo-poliranje-130mm-onyx-evolution-beli-heavy-cut","de","Hex Schleifpolierschwamm 130mm ONYX Evolution (Weiß, Heavy Cut)","low","title_too_long","Name is 63 chars (80 with brand)"
"product","hex-sundjer-za-grubo-poliranje-130mm-onyx-evolution-beli-heavy-cut","en","Hex Cutting Pad 130mm ONYX Evolution (White, Heavy Cut)","low","title_too_long","Name is 55 chars (72 with brand)"
"product","hex-sundjer-za-grubo-poliranje-130mm-onyx-evolution-beli-heavy-cut","sr","Hex Sundjer za Grubo Poliranje 130mm ONYX Evolution (Beli, Heavy Cut)","low","title_too_long","Name is 69 chars (86 with brand) — truncated in search results"
"product","hex-sundjer-za-srednje-poliranje-onyx-evolution-plavi-medium-cut","all","Hex Sundjer za Srednje Poliranje ONYX Evolution (Plavi, Medium Cut)","low","missing_image_alt","Featured image has no alt (storefront falls back to product name)"
"product","hex-sundjer-za-srednje-poliranje-onyx-evolution-plavi-medium-cut","all","Hex Sundjer za Srednje Poliranje ONYX Evolution (Plavi, Medium Cut)","low","slug_too_long","64 chars"
"product","hex-sundjer-za-srednje-poliranje-onyx-evolution-plavi-medium-cut","all","Hex Sundjer za Srednje Poliranje ONYX Evolution (Plavi, Medium Cut)","low","slug_spelling_variant","Uses 'sundjer' — other slugs use 'sunder' (from 'sunđer'); pick one form"
"product","hex-sundjer-za-srednje-poliranje-onyx-evolution-plavi-medium-cut","de","Hex Polierschwamm Medium ONYX Evolution (Blau, Medium Cut)","low","title_too_long","Name is 58 chars (75 with brand)"
"product","hex-sundjer-za-srednje-poliranje-onyx-evolution-plavi-medium-cut","en","Hex Medium Polishing Pad ONYX Evolution (Blue, Medium Cut)","low","title_too_long","Name is 58 chars (75 with brand)"
"product","hex-sundjer-za-srednje-poliranje-onyx-evolution-plavi-medium-cut","sr","Hex Sundjer za Srednje Poliranje ONYX Evolution (Plavi, Medium Cut)","low","title_too_long","Name is 67 chars (84 with brand) — truncated in search results"
"product","mikrofiber-hot-wheel-sundjer-za-fino-poliranje-130mm-onyx-evolution","all","Mikrofiber Hot Wheel Sundjer za Fino Poliranje 130mm ONYX Evolution","low","missing_image_alt","Featured image has no alt (storefront falls back to product name)"
"product","mikrofiber-hot-wheel-sundjer-za-fino-poliranje-130mm-onyx-evolution","all","Mikrofiber Hot Wheel Sundjer za Fino Poliranje 130mm ONYX Evolution","low","slug_too_long","67 chars"
"product","mikrofiber-hot-wheel-sundjer-za-fino-poliranje-130mm-onyx-evolution","all","Mikrofiber Hot Wheel Sundjer za Fino Poliranje 130mm ONYX Evolution","low","slug_spelling_variant","Uses 'sundjer' — other slugs use 'sunder' (from 'sunđer'); pick one form"
"product","mikrofiber-hot-wheel-sundjer-za-fino-poliranje-130mm-onyx-evolution","de","Mikrofaser Hot Wheel Feinpolierpad 130mm ONYX Evolution","low","title_too_long","Name is 55 chars (72 with brand)"
"product","mikrofiber-hot-wheel-sundjer-za-fino-poliranje-130mm-onyx-evolution","en","Microfiber Hot Wheel Fine Polishing Pad 130mm ONYX Evolution","low","title_too_long","Name is 60 chars (77 with brand)"
"product","mikrofiber-hot-wheel-sundjer-za-fino-poliranje-130mm-onyx-evolution","sr","Mikrofiber Hot Wheel Sundjer za Fino Poliranje 130mm ONYX Evolution","low","title_too_long","Name is 67 chars (84 with brand) — truncated in search results"
"product","mikrofiber-krpa-za-poliranje-onyx-evolution-polishing-wipe-1-kom","all","Mikrofiber Krpa za Poliranje | ONYX Evolution Polishing Wipe 1 kom","low","missing_image_alt","Featured image has no alt (storefront falls back to product name)"
"product","mikrofiber-krpa-za-poliranje-onyx-evolution-polishing-wipe-1-kom","all","Mikrofiber Krpa za Poliranje | ONYX Evolution Polishing Wipe 1 kom","low","missing_gallery_alt","1 of 1 gallery images without alt"
"product","mikrofiber-krpa-za-poliranje-onyx-evolution-polishing-wipe-1-kom","all","Mikrofiber Krpa za Poliranje | ONYX Evolution Polishing Wipe 1 kom","low","slug_too_long","64 chars"
"product","mikrofiber-krpa-za-poliranje-onyx-evolution-polishing-wipe-1-kom","de","Mikrofaser-Poliertuch | ONYX Evolution Polishing Wipe 1 Stk.","low","title_too_long","Name is 60 chars (77 with brand)"
"product","mikrofiber-krpa-za-poliranje-onyx-evolution-polishing-wipe-1-kom","en","Microfiber Polishing Towel | ONYX Evolution Polishing Wipe 1 pc","low","title_too_long","Name is 63 chars (80 with brand)"
"product","mikrofiber-krpa-za-poliranje-onyx-evolution-polishing-wipe-1-kom","sr","Mikrofiber Krpa za Poliranje | ONYX Evolution Polishing Wipe 1 kom","low","title_too_long","Name is 66 chars (83 with brand) — truncated in search results"
"product","mikrofiber-krpa-za-staklo-onyx-evolution-glass-wipe-1-kom","all","Mikrofiber Krpa za Staklo | ONYX Evolution Glass Wipe 1 kom","low","missing_image_alt","Featured image has no alt (storefront falls back to product name)"
"product","mikrofiber-krpa-za-staklo-onyx-evolution-glass-wipe-1-kom","all","Mikrofiber Krpa za Staklo | ONYX Evolution Glass Wipe 1 kom","low","missing_gallery_alt","1 of 1 gallery images without alt"
"product","mikrofiber-krpa-za-staklo-onyx-evolution-glass-wipe-1-kom","de","Mikrofaser-Glastuch | ONYX Evolution Glass Wipe 1 Stk.","low","title_too_long","Name is 54 chars (71 with brand)"
"product","mikrofiber-krpa-za-staklo-onyx-evolution-glass-wipe-1-kom","en","Microfiber Glass Towel | ONYX Evolution Glass Wipe 1 pc","low","title_too_long","Name is 55 chars (72 with brand)"
"product","mikrofiber-krpa-za-staklo-onyx-evolution-glass-wipe-1-kom","sr","Mikrofiber Krpa za Staklo | ONYX Evolution Glass Wipe 1 kom","low","title_too_long","Name is 59 chars (76 with brand) — truncated in search results"
"product","mikrofiber-sundjer-za-poliranje-onyx-evolution-130mm-heavy-cut","all","Mikrofiber Sundjer za Poliranje ONYX Evolution 130mm (Heavy Cut)","low","missing_image_alt","Featured image has no alt (storefront falls back to product name)"
"product","mikrofiber-sundjer-za-poliranje-onyx-evolution-130mm-heavy-cut","all","Mikrofiber Sundjer za Poliranje ONYX Evolution 130mm (Heavy Cut)","low","slug_too_long","62 chars"
"product","mikrofiber-sundjer-za-poliranje-onyx-evolution-130mm-heavy-cut","all","Mikrofiber Sundjer za Poliranje ONYX Evolution 130mm (Heavy Cut)","low","slug_spelling_variant","Uses 'sundjer' — other slugs use 'sunder' (from 'sunđer'); pick one form"
"product","mikrofiber-sundjer-za-poliranje-onyx-evolution-130mm-heavy-cut","en","Microfiber Polishing Pad ONYX Evolution 130mm (Heavy Cut)","low","title_too_long","Name is 57 chars (74 with brand)"
"product","mikrofiber-sundjer-za-poliranje-onyx-evolution-130mm-heavy-cut","sr","Mikrofiber Sundjer za Poliranje ONYX Evolution 130mm (Heavy Cut)","low","title_too_long","Name is 64 chars (81 with brand) — truncated in search results"
"product","onyx-evo-clear-ppf-zastitna-folija","all","ONYX EVO Clear PPF Zaštitna Folija","low","missing_image_alt","Featured image has no alt (storefront falls back to product name)"
"product","onyx-evo-hex-aplikator-za-gume","all","ONYX EVO Hex Aplikator za Gume","low","missing_image_alt","Featured image has no alt (storefront falls back to product name)"
"product","onyx-evo-hex-aplikator-za-gume","all","ONYX EVO Hex Aplikator za Gume","low","missing_gallery_alt","1 of 1 gallery images without alt"
"product","onyx-evolution-sundjer-za-grubo-poliranje-130mm-zeleni-heavy-cut","all","ONYX Evolution Sundjer za Grubo Poliranje 130mm (Zeleni, Heavy Cut)","low","missing_image_alt","Featured image has no alt (storefront falls back to product name)"
"product","onyx-evolution-sundjer-za-grubo-poliranje-130mm-zeleni-heavy-cut","all","ONYX Evolution Sundjer za Grubo Poliranje 130mm (Zeleni, Heavy Cut)","low","slug_too_long","64 chars"
"product","onyx-evolution-sundjer-za-grubo-poliranje-130mm-zeleni-heavy-cut","all","ONYX Evolution Sundjer za Grubo Poliranje 130mm (Zeleni, Heavy Cut)","low","slug_spelling_variant","Uses 'sundjer' — other slugs use 'sunder' (from 'sunđer'); pick one form"
"product","onyx-evolution-sundjer-za-grubo-poliranje-130mm-zeleni-heavy-cut","de","ONYX Evolution Schleifpolierschwamm 130mm (Grün, Heavy Cut)","low","title_too_long","Name is 59 chars (76 with brand)"
"product","onyx-evolution-sundjer-za-grubo-poliranje-130mm-zeleni-heavy-cut","sr","ONYX Evolution Sundjer za Grubo Poliranje 130mm (Zeleni, Heavy Cut)","low","title_too_long","Name is 67 chars (84 with brand) — truncated in search results"
"product","onyx-peskir-za-susenje-auta-onyx-evolution-rapid-dryer","all","Onyx Peškir Za Sušenje Auta | Onyx Evolution Rapid Dryer","low","missing_image_alt","Featured image has no alt (storefront falls back to product name)"
"product","onyx-peskir-za-susenje-auta-onyx-evolution-rapid-dryer","sr","Onyx Peškir Za Sušenje Auta | Onyx Evolution Rapid Dryer","low","title_too_long","Name is 56 chars (73 with brand) — truncated in search results"
"product","sundjer-za-finis-poliranje-130mm-onyx-evolution-medium-cut-crni-finishing","all","Sundjer za Finiš Poliranje 130mm ONYX Evolution Medium Cut (Crni, Finishing)","low","missing_image_alt","Featured image has no alt (storefront falls back to product name)"
"product","sundjer-za-finis-poliranje-130mm-onyx-evolution-medium-cut-crni-finishing","all","Sundjer za Finiš Poliranje 130mm ONYX Evolution Medium Cut (Crni, Finishing)","low","slug_too_long","73 chars"
"product","sundjer-za-finis-poliranje-130mm-onyx-evolution-medium-cut-crni-finishing","all","Sundjer za Finiš Poliranje 130mm ONYX Evolution Medium Cut (Crni, Finishing)","low","slug_spelling_variant","Uses 'sundjer' — other slugs use 'sunder' (from 'sunđer'); pick one form"
"product","sundjer-za-finis-poliranje-130mm-onyx-evolution-medium-cut-crni-finishing","de","Finish-Polierschwamm 130mm ONYX Evolution Medium Cut (Schwarz, Finishing)","low","title_too_long","Name is 73 chars (90 with brand)"
"product","sundjer-za-finis-poliranje-130mm-onyx-evolution-medium-cut-crni-finishing","en","Finishing Polishing Pad 130mm ONYX Evolution Medium Cut (Black, Finishing)","low","title_too_long","Name is 74 chars (91 with brand)"
"product","sundjer-za-finis-poliranje-130mm-onyx-evolution-medium-cut-crni-finishing","sr","Sundjer za Finiš Poliranje 130mm ONYX Evolution Medium Cut (Crni, Finishing)","low","title_too_long","Name is 76 chars (93 with brand) — truncated in search results"
"product","sundjer-za-fino-poliranje-130mm-onyx-evolution-svetloplavi-polishing","all","Sundjer za Fino Poliranje 130mm ONYX Evolution (Svetloplavi, Polishing)","low","missing_image_alt","Featured image has no alt (storefront falls back to product name)"
"product","sundjer-za-fino-poliranje-130mm-onyx-evolution-svetloplavi-polishing","all","Sundjer za Fino Poliranje 130mm ONYX Evolution (Svetloplavi, Polishing)","low","slug_too_long","68 chars"
"product","sundjer-za-fino-poliranje-130mm-onyx-evolution-svetloplavi-polishing","all","Sundjer za Fino Poliranje 130mm ONYX Evolution (Svetloplavi, Polishing)","low","slug_spelling_variant","Uses 'sundjer' — other slugs use 'sunder' (from 'sunđer'); pick one form"
"product","sundjer-za-fino-poliranje-130mm-onyx-evolution-svetloplavi-polishing","de","Feinpolierschwamm 130mm ONYX Evolution (Hellblau, Polishing)","low","title_too_long","Name is 60 chars (77 with brand)"
"product","sundjer-za-fino-poliranje-130mm-onyx-evolution-svetloplavi-polishing","en","Fine Polishing Pad 130mm ONYX Evolution (Light Blue, Polishing)","low","title_too_long","Name is 63 chars (80 with brand)"
"product","sundjer-za-fino-poliranje-130mm-onyx-evolution-svetloplavi-polishing","sr","Sundjer za Fino Poliranje 130mm ONYX Evolution (Svetloplavi, Polishing)","low","title_too_long","Name is 71 chars (88 with brand) — truncated in search results"
"product","sundjer-za-poliranje-130mm-onyx-evolution-medium-cut-tamnoplavi","all","Sundjer za Poliranje 130mm ONYX Evolution Medium Cut (Tamnoplavi)","low","missing_image_alt","Featured image has no alt (storefront falls back to product name)"
"product","sundjer-za-poliranje-130mm-onyx-evolution-medium-cut-tamnoplavi","all","Sundjer za Poliranje 130mm ONYX Evolution Medium Cut (Tamnoplavi)","low","slug_too_long","63 chars"
"product","sundjer-za-poliranje-130mm-onyx-evolution-medium-cut-tamnoplavi","all","Sundjer za Poliranje 130mm ONYX Evolution Medium Cut (Tamnoplavi)","low","slug_spelling_variant","Uses 'sundjer' — other slugs use 'sunder' (from 'sunđer'); pick one form"
"product","sundjer-za-poliranje-130mm-onyx-evolution-medium-cut-tamnoplavi","de","Polierschwamm 130mm ONYX Evolution Medium Cut (Dunkelblau)","low","title_too_long","Name is 58 chars (75 with brand)"
"product","sundjer-za-poliranje-130mm-onyx-evolution-medium-cut-tamnoplavi","en","Polishing Pad 130mm ONYX Evolution Medium Cut (Dark Blue)","low","title_too_long","Name is 57 chars (74 with brand)"
"product","sundjer-za-poliranje-130mm-onyx-evolution-medium-cut-tamnoplavi","sr","Sundjer za Poliranje 130mm ONYX Evolution Medium Cut (Tamnoplavi)","low","title_too_long","Name is 65 chars (82 with brand) — truncated in search results"
"product","sundjer-za-poliranje-auta-onyx-evolution-130mm-zuti-polishing","all","Sundjer za Poliranje Auta | ONYX Evolution 130mm (Žuti, Polishing)","low","missing_image_alt","Featured image has no alt (storefront falls back to product name)"
"product","sundjer-za-poliranje-auta-onyx-evolution-130mm-zuti-polishing","all","Sundjer za Poliranje Auta | ONYX Evolution 130mm (Žuti, Polishing)","low","slug_too_long","61 chars"
"product","sundjer-za-poliranje-auta-onyx-evolution-130mm-zuti-polishing","all","Sundjer za Poliranje Auta | ONYX Evolution 130mm (Žuti, Polishing)","low","slug_spelling_variant","Uses 'sundjer' — other slugs use 'sunder' (from 'sunđer'); pick one form"
"product","sundjer-za-poliranje-auta-onyx-evolution-130mm-zuti-polishing","de","Polierschwamm für Autos | ONYX Evolution 130mm (Gelb, Polishing)","low","title_too_long","Name is 64 chars (81 with brand)"
"product","sundjer-za-poliranje-auta-onyx-evolution-130mm-zuti-polishing","en","Car Polishing Pad | ONYX Evolution 130mm (Yellow, Polishing)","low","title_too_long","Name is 60 chars (77 with brand)"
"product","sundjer-za-poliranje-auta-onyx-evolution-130mm-zuti-polishing","sr","Sundjer za Poliranje Auta | ONYX Evolution 130mm (Žuti, Polishing)","low","title_too_long","Name is 66 chars (83 with brand) — truncated in search results"
"product","vafel-krpa-za-staklo-onyx-evolution-waffle-wipe-1-kom","all","Vafel Krpa za Staklo | ONYX Evolution Waffle Wipe 1 kom","low","missing_image_alt","Featured image has no alt (storefront falls back to product name)"
"product","vafel-krpa-za-staklo-onyx-evolution-waffle-wipe-1-kom","sr","Vafel Krpa za Staklo | ONYX Evolution Waffle Wipe 1 kom","low","title_too_long","Name is 55 chars (72 with brand) — truncated in search results"
"product","visenamenska-mikrofiber-krpa-onyx-evolution-multi-wipe-1-kom","all","Višenamenska Mikrofiber Krpa | ONYX Evolution Multi Wipe 1 kom","low","missing_image_alt","Featured image has no alt (storefront falls back to product name)"
"product","visenamenska-mikrofiber-krpa-onyx-evolution-multi-wipe-1-kom","all","Višenamenska Mikrofiber Krpa | ONYX Evolution Multi Wipe 1 kom","low","missing_gallery_alt","1 of 1 gallery images without alt"
"product","visenamenska-mikrofiber-krpa-onyx-evolution-multi-wipe-1-kom","de","Mehrzweck-Mikrofasertuch | ONYX Evolution Multi Wipe 1 Stk.","low","title_too_long","Name is 59 chars (76 with brand)"
"product","visenamenska-mikrofiber-krpa-onyx-evolution-multi-wipe-1-kom","en","Multi-Purpose Microfiber Towel | ONYX Evolution Multi Wipe 1 pc","low","title_too_long","Name is 63 chars (80 with brand)"
"product","visenamenska-mikrofiber-krpa-onyx-evolution-multi-wipe-1-kom","sr","Višenamenska Mikrofiber Krpa | ONYX Evolution Multi Wipe 1 kom","low","title_too_long","Name is 62 chars (79 with brand) — truncated in search results"
